"TID","EN","FR","DE","ES","IT","NL","NO","PT","TR","JP","CN","KR","RU","AR","CNT","FA","ID","MS","TL","VI"
"string","string","string","string","string","string","string","string","string","string","string","string","string","string","string","string","string","string","string","string","string"
"TID_NEWS_RED_TITLE","Clash-A-Rama! The Series","Clash-A-Rama! La série","Clash-A-Rama! Die Serie","Clash-A-Rama!","Clash-A-Rama!","Clash-A-Rama!","Clash-A-Rama! Serien","Clash-A-Rama!","Clash-A-Rama! Serisi","Clash-A-Rama! シリーズ","Clash-A-Rama！第一季","Clash-A-Rama! 시리즈","Сериал Clash-A-Rama!","Clash-A-Rama! The Series","Clash-A-Rama! ","سریال Clash-A-Rama!","Serial Clash-A-Rama!","Siri Clash-A-Rama!",,
"TID_NEWS_RED_TEXT","The season has ended, but the fun doesn't have to. Watch the full season of Clash-A-Rama! The Series now!","La saison se termine, mais vous n’avez pas fini de vous amuser. Regardez la saison entière de Clash-A-Rama! maintenant !","Die Staffel ist zu Ende, aber der Spaß geht weiter. Sieh dir jetzt die ganze Staffel von „Clash-A-Rama! Die Serie“ an!","La primera temporada ya ha terminado, pero eso no quiere decir que se acabe la diversión. ¡Vuelve a disfrutar de la temporada completa de Clash-A-Rama!","La prima stagione si è conclusa, ma non è un buon motivo per smettere di ridere: guarda di nuovo i tuoi episodi preferiti di Clash-A-Rama!","Het eerste seizoen is helaas afgelopen, maar niet getreurd. Herbeleef de avonturen van je favoriete Clash-personages en bekijk nu het volledige eerste seizoen van Clash-A-Rama!","Sesongen er over, men moroa tar ikke slutt likevel. Se hele sesongen av Clash-A-Rama! Serien nå!","A temporada acabou, mas a diversão sempre pode continuar! Aproveite para assistir à temporada completa de Clash-A-Rama!","Sezon bitti ama eğlence daha bitmedi. Clash-A-Rama! Serisinin tüm sezonunu şimdi izleyin!","シーズンは終了しましたが、楽しさは終わりません！ Clash-A-Rama!シリーズのシーズンを最初から一気に観ちゃいましょう！","本季虽已结束，但欢乐仍将继续！现在，一起来回顾《Clash-A-Rama! 》动画系列第一季全集吧！","시즌 1은 끝나지만, 재미까지 끝날 필요는 없죠. Clash-A-Rama!의 전체 시리즈를 지금 바로 확인하세요!","Сезон окончился, но это не повод грустить. Смотрите все серии Clash-A-Rama!","انتهى الموسم لكن هذا لا يعني انتهاء المرح. شاهدوا كل حلقات موسم Clash-A-Rama! The Series الآن!","本季雖已結束，但歡樂仍將繼續！現在，一起來回顧《Clash-A-Rama!》動畫系列第一季全集吧！","با اینکه فصل تمام شده، ولی قرار نیست شادی و سرگرمی هم متوقف شود. هم‌اکنون، می‌توانید همه‌ی قسمت‌های سریال Clash-A-Rama! را تماشا کنید!","Season ini sudah berakhir, tetapi keseruannya belum habis. Tonton season lengkap Serial Clash-A-Rama! sekarang!","Musim ini telah berakhir, tetapi keseronokan tidak perlu berakhir. Tonton musim penuh Siri Clash-A-Rama! sekarang!",,
"TID_DIAMOND_BUNDLE_HERO_INFO","Season 1","Saison 1","Staffel 1","Primera temporada","Stagione 1","Seizoen 1","Sesong 1","1a. Temporada","1. Sezon","シーズン1","点击观看","시즌 1","Сезон 1","الموسم 1","第一季","فصل ۱","Season 1","Musim 1",,
"TID_USE_TROOP_EVENT_ACHIEVEMENT_DESC_PLURAL","Event Challenge: Win multiplayer battles!\n<cffec78>• Must use <usecount> <unit> troops</c>","Défi d'événement : remportez des combats multijoueur !\n<cffec78>• Vous devez utiliser <usecount> <unit>s</c>","Herausforderungsereignis: Gewinne Mehrspieler-Kämpfe!\n<cffec78>• <usecount> <unit> müssen benutzt werden</c>","Evento de desafío: ¡Gana batallas multijugador!\n<cffec78>• Debes usar <usecount> tropas de <unit>.</c>","Evento sfida: vinci battaglie multigiocatore!\n<cffec78>• Devi usare <usecount> unità di <unit></c>","Evenementuitdaging: win multiplayergevechten!\n<cffec78>• Gebruik: <usecount>x <unit></c>","Hendelsesutfordring: Vinn flerspillerkamper!\n<cffec78>• Du må bruke <usecount>x <unit></c>","Desafio: Vença batalhas multijogador!\n<cffec78>• É preciso usar <usecount> unidades de <unit> </c>.","Etkinlik Meydan Okuması: Çok oyunculu savaşları kazan!\n<cffec78>• <usecount> <unit> kullanılmalı</c>","イベントチャレンジ： マルチプレイ戦闘で勝利しましょう！\n<cffec78>• <usecount><unit>を使う必要があります</c>","活动挑战：在联机模式中获胜！\n<cffec78>• 必须使用<usecount>个<unit></c>","이벤트 도전: 멀티플레이 전투에서 승리하세요!\n<cffec78>• 필수 사용: <unit> x <usecount></c>","Испытание: победите в многопользовательском режиме!\n<cffec78>• Нужно использовать: 1 <usecount> <unit>с.</c>","حدث التحدي: اظفر بمعارك متعددة اللاعبين!\n<cffec78>• يجب استخدام <usecount> وحدات <unit> </c>","活動挑戰：在連線模式中獲勝！\n<cffec78>• 必須使用<usecount>個<unit></c>","چالش رویداد: نبرد چندنفره را ببرید!\n<cffec78>• باید از <usecount><unit>ها استفاده کنید</c>","Tantangan Acara: Menangi pertempuran Multipemain!\n<cffec78>• Harus memakai <usecount> <unit></c>","Cabaran Acara: Menangi pertempuran berbilang pemain!\n<cffec78>• Mesti menggunakan <usecount> <unit></c>",,
"TID_USE_TROOP_EVENT_ACHIEVEMENT_DESC","Event Challenge: Win multiplayer battles!\n<cffec78>• Must use 1 <unit></c>","Défi d'événement : remportez des combats multijoueur !\n<cffec78>• Vous devez utiliser 1 <unit></c>","Herausforderungsereignis: Gewinne Mehrspielerkämpfe!\n<cffec78>• 1 <unit> muss benutzt werden</c>","Evento de desafío: ¡Gana batallas multijugador!\n<cffec78>• Debes usar 1 <unit>.</c>","Evento sfida: vinci battaglie multigiocatore!\n<cffec78>• Devi usare 1 <unit></c>","Evenementuitdaging: win multiplayergevechten!\n<cffec78>• Gebruik van 1 <unit> verplicht</c>","Hendelsesutfordring: Vinn flerspillerkamper!\n<cffec78>• Du må bruke 1 <unit></c>","Evento de Desafio: Vença batalhas multijogador!\n<cffec78>• É preciso usar 1 <unit></c>.","Etkinlik Meydan Okuması: Çok oyunculu savaşları kazan!\n<cffec78>• 1 <unit> kullanılmalı</c>","イベントチャレンジ： マルチプレイ戦闘で勝利しましょう！\n<cffec78>• 1<unit>を使用する必要があります</c>","活动挑战：在联机模式中获胜！\n<cffec78>• 必须使用1个<unit></c>","이벤트 도전: 멀티플레이 전투에서 승리하세요!\n<cffec78>• 필수 사용: <unit> x 1</c>","Испытание: победите в многопользовательском режиме!\n<cffec78>• Нужно использовать: 1 <unit></c>","حدث التحدي: اظفر بمعارك متعددة اللاعبين!\n<cffec78>• يجب استخدام <unit> واحدة</c>","活動挑戰：在連線模式中獲勝！\n<cffec78>• 必須使用1個<unit></c>","رویداد چالش: نبردهای چند نفره را ببرید!\n<cffec78>• باید از 1 <unit></c> استفاده کنید","Tantangan Acara: Menangi pertempuran Multipemain!\n<cffec78>• Harus memakai 1 <unit></c>","Cabaran Acara: Menangi pertempuran berbilang pemain!\n<cffec78>• Mesti menggunakan 1 <unit></c>",,
"TID_WATCH","Watch Video","Regarder la vidéo","Video ansehen","Ver vídeo","Guarda video","Video bekijken","Se video","Assistir ao vídeo","Videoyu İzle","今すぐチェック","点击观看","동영상 보기","Смотреть ролик","مشاهدة الفيديو","點擊觀看","تماشای ویدیو","Tonton Video","Tonton Video",,
"TID_EVENT_ARMYSPELL_BOOST_INFO","Get full armies 4x faster!\n\nBoost the following for 1 Gem each:\n• Heroes\n• Troop Training\n• Spell Brewing","Obtenez une armée complète 4x plus vite !\n\nAméliorez les éléments suivants pour 1 gemme chacun :\n• Héros\n• Formation des troupes\n• Concoction des sorts","4-mal schneller vollständige Armeen!\n\nBeschleunige Folgendes für jeweils nur 1 Juwel:\n• Helden\n• Truppenausbildung\n• Brauen von Zaubern","¡Completa un ejército 4 veces más rápido!\n\nAcelera todo esto por 1 gema:\n• Héroes\n•Entrenamientos\n• Elaboración de hechizos","Ottieni eserciti completi 4 volte più in fretta!\n\nPotenzia quanto segue al costo di 1 gemma ciascuno:\n• eroi\n• addestramento truppe\n• preparazione incantesimi","Krijg 4x sneller volledige legers!\n\nGeef de volgende onderdelen een boost voor 1 edelsteen elk:\n• Helden\n• Troepentraining\n• Spreuken brouwen","Få komplette hærer fire ganger så raskt!\n\nForsterk disse for 1 juvel hver:\n• Helter\n• Troppetrening\n• Formelbrygging","Exércitos completos 4x mais rápido!\n\nAcelere os itens abaixo por 1 gema cada:\n• Heróis\n• Treino de tropas\n• Produção de feitiços","Tam orduları 4 kat daha hızlı al!\n\nHer biri için 1 Taş vererek aşağıdakileri hızlandır:\n• Kahramanlar\n• Birlik Eğitimi\n• Büyü Üretimi","指定ユニット全員の速度を4倍にします！\n\n以下のユニットを各1エメラルドでブーストしましょう：\n• ヒーロー\n• ユニット訓練\n• 呪文の生成","军队训练加速4倍！\n分别使用1宝石加速：\n• 单个英雄\n• 部队训练\n• 法术配制","최대 전력을 4배 빨리 갖추세요!\n\n보석 1개로 가속:\n• 영웅\n• 유닛 훈련\n• 마법 제조","Сделайте все войска в 4 раза быстрее!\n\nУскорьте каждое за 1 кристалл:\n• Герои\n• Тренировка войск\n• Приготовление заклинаний","فز بجيوش كاملة بـ 4 أضعاف السرعة!\nسرّع ما يلي مقابل جوهرة واحدة لكل منها:\n• الأبطال\n• تدريب القوات\n• تطوير السحر","軍隊訓練加速4倍！\n分別使用1寶石加速：\n• 單個英雄\n• 部隊訓練\n• 法術配製","4 برابر سریع‌تر ارتش کامل بسازید!\nاین موارد را تنها با 1 جواهر تسریع کنید:\n• قهرمانان\n• آموزش نیروها\n• ساخت طلسم","Dapatkan tentara lengkap 4x lebih cepat!\n\nLesatkan area berikut ini masing-masing dengan 1 Permata:\n• Pahlawan\n• Latihan Peleton\n• Peracikan Mantra","Dapatkan tentera penuh 4x lebih cepat!\n\nGalakkan item berikut dengan 1 Permata masing-masing:\n• Wira\n• Latihan Askar\n• Membru Sihir",,
"TID_NEWS_IOS7_TITLE","End of support for devices running iOS 5 and 6","Fin de la prise en charges des versions d’iOS 5 et 6","Kein Support mehr für Geräte mit iOS-Version 5 und 6","Fin del soporte técnico para los dispositivos con iOS 5 y 6","Interruzione del supporto per i dispositivi con iOS 5 e 6","Geen ondersteuning meer voor apparaten die draaien op iOS-versie 5 of 6","Støtte for enheter med iOS 5 og 6 opphører","Fim da compatibilidade com iOS 5 e 6","iOS 5 ve 6 kullanan cihazlara verilen destek sona eriyor","iOS 5および6のサポート終了","iOS 5和iOS 6版本的设备将无法继续游戏","iOS 5/6 버전 기기 지원 종료 안내","Заканчивается поддержка устройств, работающих с iOS 5 и 6","انتهاء دعم الأجهزة التي تعمل بإصداري iOS 5 و6","iOS 5與iOS 6版本的裝置將無法繼續進行遊戲","اتمام پشتیبانی برای دستگاههای تحت سیستم عامل iOS 5 و6","Akhir dukungan untuk perangkat yang menjalankan iOS 5 dan 6","Penamatan sokongan untuk peranti dengan iOS 5 dan 6",,
"TID_NEWS_IOS7_TEXT","The next Clash of Clans update will remove support for all Apple devices running iOS versions 5 and 6. In order to keep playing Clash of Clans, please update to iOS 7 or higher. For more information, tap below!","La prochaine mise à jour de Clash of Clans mettra fin à la prise en charge des appareils Apple sous iOS 5 et 6. Pour continuer à jouer à Clash of Clans, veuillez effectuer la mise à jour vers iOS 7 ou une version plus récente. Pour plus d'informations, consultez :","Ab dem nächsten Clash of Clans-Update werden Apple-Geräte mit iOS 5 und 6 nicht mehr unterstützt. Bitte aktualisiere auf iOS 7 oder höher, um Clash of Clans weiterhin spielen zu können. Tippe unten, um weitere Informationen zu erhalten!","La próxima actualización de Clash of Clans no ofrecerá soporte técnico para los dispositivos con las versiones de iOS 5 y 6. Para seguir jugando, actualiza a iOS 7 o a una versión superior.Para más información, toca el enlace de abajo.","Con il prossimo aggiornamento di Clash of Clans verrà interrotto il supporto ai dispositivi Apple con versioni di iOS 5 o 6. Per continuare a giocare a Clash of Clans, la preghiamo di effettuare l’aggiornamento ad iOS 7 o versioni successive. Per ulteriori informazioni, tocchi qui sotto!","Bij de volgende Clash of Clans-update beëindigen we de ondersteuning voor alle Apple-apparaten die draaien op iOS-versies 5 en 6. Update je apparaat naar iOS-versie 7 of hoger om Clash of Clans te blijven spelen. Tik hieronder voor meer informatie.","Den neste oppdateringen av Clash of Clans støtter ikke Apple-enheter med iOS-versjonene 5 og 6. For å fortsette å spille Clash of Clans må du oppdatere til iOS 7 eller nyere. Trykk under hvis du vil ha mer informasjon!","A partir da próxima atualização do Clash of Clans, não será mais possível jogar em dispositivos com iOS 5 e 6. Para continuar jogando Clash of Clans, atualize para o iOS7 ou mais recente. Para mais informações, toque abaixo.","Bir sonraki Clash of Clans güncellemesiyle iOS 5 ve 6 kullanan Apple cihazlarına verilen destek kaldırılacak. Clash of Clans oynamaya devam etmek için lütfen iOS 7’ye veya sonraki sürümlere güncelleyin. Daha fazla bilgi için aşağıya dokunun!","クラッシュ・オブ・クランの次回のアップデートにおいて、iOS 5および6を利用しているすべてのデバイスへのサポートを終了いたします。クラッシュ・オブ・クランのプレイを続けるには、iOS 7以上にアップデートするようお願いします。 \n詳細は以下をタップしてご確認ください。","在下一次更新后，《部落冲突》将无法继续在iOS 5和iOS6版本的苹果设备上运行。为了能继续在您的设备上运行《部落冲突》，请尽快将您的设备系统版本升级至iOS 7或以上。 更多详情，请点击下方！","다음 클래시 오브 클랜 업데이트 이후부터 iOS 5/6에서 구동되는 모든 애플 기기의 지원이 종료됩니다. 클래시 오브 클랜을 계속 플레이하려면 iOS 7 또는 그 이상으로 업데이트해야 합니다. 더 많은 정보를 보려면 아래를 눌러주세요!","Начиная со следующего обновления Clash of Clans мы прекращаем поддержку всех устройств Apple с iOS версий 5 и 6. Для того, чтобы продолжать играть в Clash of Clans, обновите свою iOS до версии 7 или выше. Более подробную информацию можно узнать коснувшись кнопки ниже.","سيلغي تحديث Clash of Clans التالي الدعم لجميع أجهزة Apple التي تعمل بإصداري iOS 5 و6. وللاستمرار في لعب Clash of Clans، يُرجى التحديث إلى إصدار iOS 7 أو أعلى.لمزيد من المعلومات، انقر أدناه!","下次更新後，《部落衝突》將無法繼續在iOS 5與iOS 6版本的蘋果裝置上運行。為了讓您的裝置能繼續運行《部落衝突》，請您儘快將您的裝置系統版本升級至iOS 7或以上。 更多詳情，請點擊下方！","بهروزرسانی بعدی جنگ قبایل، پشتیبانی برای همه دستگاههای Apple تحت سیستم عامل iOS نسخه 5 و 6 را حذف خواهد کرد. برای اینکه بازی جنگ قبایل را ادامه دهید، لطفاً به iOS 7 یا بالاتر بهروزرسانی کنید. برای اطلاعات بیشتر، در زیر ضربه بزنید.","Pembaruan Clash of Clans berikutnya akan membuang dukungan untuk semua perangkat Apple yang menjalankan iOS versi 5 dan 6. Untuk terus bermain Clash of Clans, tingkatkan ke iOS 7 ke atas. Untuk informasi selengkapnya, ketuk di bawah ini!","Kemas kini Clash of Clans seterusnya akan menamatkan sokongan untuk semua peranti Apple yang menggunakan iOS versi 5 dan 6. Untuk terus bermain Clash of Clans, sila kemas kini ke iOS 7 atau lebih terkini. Untuk maklumat lanjut, ketik di bawah!",,
"TID_NEWS_IOS7_BUTTON","More Info","Plus d'infos","Mehr Infos","Más información","Altre info","Meer info","Mer info","Mais informações","Daha Fazla Bilgi","詳しく","更多信息","추가 정보","Информация","مزيد من المعلومات","詳細資訊","اطلاعات بیشتر","Info-Selengkapnya","Maklumat Lanjut",,
"TID_YOU_HAVE_ALREADY_CLAIMED_THE_GIFT","You have already claimed this gift!","Cadeau déjà récupéré !","Geschenk wurde bereits abgeholt!","¡Ya has reclamado el regalo!","Il regalo è già stato riscosso!","Cadeau is al opgehaald!","Gaven er allerede hentet!","O presente já foi resgatado!","Hediye önceden alındı!","ギフトは受け取り済みです！","已经领取过该礼物了！","이미 선물을 받았습니다!","Подарок уже получен!","لقد تمت المطالبة بالهدية بالفعل!","已經領取過該禮物了！","هدیه قبلاً مطالبه شده است!","Hadiah sudah diklaim!","Hadiah sudah dituntut!",,
"TID_CNY_PACK","Lunar New Year Pack","Pack du nouvel an lunaire","Mond-Neujahrspaket","Lote de Año Nuevo Lunar","Pacchetto Capodanno lunare","Lunair-nieuwjaarspakket","Månenyttår-pakke","Pacote de Ano-Novo Lunar","Yeni Ay Yılı Paketi","旧正月パック","新春礼包","설날 팩","Пакет лунного Нового года","حزمة العام القمري الجديد","新春特惠包","بسته سال نوی قمری","Paket Imlek","Pek Tahun Baru Cina",,
"TID_LOCAL_NOTIFICATION_EVENT_HERO_BOOST","Chief, a 1-Gem Hero Boost event has started!","Chef, un événement boost de héros à 1 gemme a commencé !","Häuptling, ein Ereignis mit Heldenschüben für 1 Juwel hat begonnen!","¡Un evento de aceleración de héroes por 1 gema ha comenzado!","Capo, è iniziato un evento potenzia eroi con 1 gemma!","Chief, er is een heldenboostevenement voor 1 edelsteen gestart!","Høvding, du kan nå få en helteforsterkning til 1 juvel!","Chefe, começou um evento: aceleração de heróis por 1 gema!","Şef, bir 1 Taş Kahraman Desteği etkinliği başladı!","チーフ、1エメラルドのヒーローブーストイベントが始まりました！","首领，1宝石加速英雄恢复的活动开始啦！","대장님, 보석 1개 영웅 가속 이벤트가 시작됐습니다!","Вождь, появилась возможность ускорить исцеление героя за 1 кристалл!","أيها الزعيم، بدأ حدث تعزيز البطل بجوهرة واحدة!","首領，1寶石加速英雄恢復的活動開始啦！","رئیس! یک رویداد تسریع قهرمان با 1 جواهر آغاز شده‌است!","Chief, acara Pelesat Pahlawan 1 Permata telah dimulai!","Ketua, acara Galakan Wira 1 Permata sudah bermula!",,
"TID_EVENT_ARMY","GoWiWi Event","Événement GoWiWi","GoWiWi-Ereignis","Evento GoWiWi","Evento GoWiWi","GoWiWi-evenement","GoWiWi-hendelse","Evento GoWiWi","GoWiWi Etkinliği","GoWiWiイベント","石法巫活动","골위위 이벤트","Событие GoWiWi","حدث \qغوساسا\q","石法巫活動","رویداد GoWiWi","Acara GoWiWi","Acara GoWiWi",,
"TID_EVENT_ARMY_INFO","Destroy villages with the classic Golem-Wizard-Witch army! Each unit is now 50% cheaper!","Détruisez des villages avec l'armée classique golem-sorcier-sorcière ! Chaque unité coûte actuellement 50 % de moins !","Zerstöre Dörfer mit der klassischen Armee aus Golems, Magiern und Hexen! Jede Einheit kostet jetzt 50 % weniger!","Destruye aldeas con el clásico ejército de brujas, magos y gólems. ¡Cada unidad tiene un 50 % de descuento!","Distruggi villaggi con la classica strategia GoWiWi: un esercito di golem, stregoni e streghe! 50% di sconto su ogni unità!","Vernietig dorpen met de klassieke GoWiWi-strategie: golem, tovenaar en heks! Elke eenheid is nu 50% goedkoper!","Legg landsbyer i ruiner med den klassiske heks-trollmann-golem-armeen! Hver enhet er nå 50 % billigere!","Destrua as vilas com a combinação clássica Golem-Mago-Bruxa! Cada unidade com 50% de desconto!","Klasik Golem-Büyücü-Cadı ordusuyla köyleri yok et! Bu birimler şu anda %50 indirimli!","定番のゴーレム・ウィザード・ネクロマンサー編成で、村々を破壊して回りましょう！ 現在、それぞれのユニットコストが50％もお安くなっています！","用经典石法女巫流摧毁敌军村庄！现在，戈仑石人、法师和女巫的训练费用减少50%！","골렘-마법사-마녀'로 구성된 클래식한 부대를 조직해 마을을 파괴하세요! 각 유닛 비용이 50% 낮아집니다!","Соберите классическую армию — големы + колдуны + ведьмы — и разрушайте вражеские деревни! Каждый воин сейчас стоит на 50 % дешевле!","دمّر القرى بجيش تقليدي يتكون من قوات الغولم والسحرة والساحرات! كل وحدة أرخص الآن بنسبة 50%!","用經典石法女巫流摧毀敵軍村莊！現在，戈倫石人、法師和女巫的訓練費用減少50%！","با استراتژی کلاسیک گولم-جادوگر-ساحره، دهکده‌ها را تخریب کنید! هر واحد اکنون 50٪ ارزان‌تر شده است!","Hancurkan desa dengan tentara Golem-Penyihir-Nenek Sihir! Setiap unit didiskon 50%!","Hapuskan kampung menggunakan strategi klasik dengan Golem disokong oleh kedua-dua Ahli Sihir. Setiap unit kini 50% lebih murah!",,
"TID_EVENT_SPELL_INFO","Brew <troop>s at a discount!","Concoctez <troop> à prix réduit !","Braue <troop> günstiger!","¡Elabora hechizos de <troop> con un descuento!","Prepara l'incantesimo <troop> a un costo scontato!","Brouw met korting: <troop>!","Brygg formelen <troop> billigere!","Produza <troop> com desconto!","<troop> büyülerini indirimli üret!","<troop>を格安で生成しましょう！","配制<troop>可享受折扣！","<troop>을 할인된 가격으로 제조하세요!","Готовьте (<troop>) со скидкой!","تحضير قوات <troop> مقابل خصم!","配製<troop>可享受折扣！","<troop>ها را با تخفیف بسازید!","Racik <troop> dengan harga diskon!","Bru <troop> pada harga terdiskaun!",,
"TID_LOCAL_NOTIFICATION_EVENT_ARMY_DISCOUNT","Chief, a special Army Event has started!","Chef, un événement spécial d'armée a commencé !","Häuptling, ein besonderes Armee-Ereignis hat begonnen!","¡Un evento especial de ejército ha comenzado!","Capo, è iniziato un evento ESERCITI!","Chief, er is een speciaal legerevenement gestart!","Høvding, en helt spesiell ARMÉ-hendelse har startet!","Chefe, começou um evento de EXÉRCITO especial!","Şef, özel bir ORDU etkinliği başladı!","チーフ、スペシャルアーミーイベントが始まりました！","首领，特殊兵种活动开始啦！","대장님, 특별 군대 이벤트가 시작됐습니다!","Вождь, особое событие АРМИЙ началось!","أيها الزعيم، لقد بدأ حدث جديد خاص بالجيش!","首領，特殊兵種活動開始啦！","رئیس! یک رویداد ویژه ارتش آغاز شده است!","Chief, acara TENTARA spesial telah dimulai!","Ketua, acara askar khas sudah bermula!",,
"TID_NEWS_MARCH_2017_UPDATE_TITLE","Balancing Update!","Mise à jour d'équilibrage !","Update zur Änderung der Spielbalance!","¡Actualización de equilibrio!","Aggiornamento sul bilanciamento!","Balansaanpassingen!","Balanseoppdatering!","Atualização para equilibrar o jogo","Dengeleme Güncellemesi!","バランス調整を行いました！","平衡性调整！","밸런스 업데이트!","Обновление баланса!","تحديث خاص بالتوازن!","平衡性調整！","به‌روزرسانی تعدیلات!","Pembaruan Penyeimbangan!","Kemas Kini Keseimbangan!",,
"TID_NEWS_MARCH_2017_UPDATE_TEXT","• Air Defense level 9 added to Town Hall 11\n• Wall level 12 limit increased by 25\n• Stat increases to Hog Rider, Miner, Witch, Dragon and P.E.K.K.A","• Défense anti-aérienne niveau 9 ajoutée à l'hôtel de ville de niveau 11\n• Limite des remparts de niveau 12 améliorée de 25\n• Amélioration du chevaucheur de cochon, du mineur, de la sorcière, du dragon et du P.E.K.K.A","• Luftabwehr Level 9 wurde Rathaus-Level 11 hinzugefügt\n• Mauer Level 12 um 25 Stück erhöht\n• Werteverbesserungen für Schweinereiter, Tunnelgräber, Hexe, Drache und P.E.K.K.A.","• Cohetes de defensa de nivel 9 disponibles con un ayuntamiento de nivel 11.\n• 25 nuevos muros de nivel 12.\n• Mejora de las estadísticas del montapuercos, el minero, la bruja, el dragón y el P.E.K.K.A.","• Difesa aerea di livello 9 aggiunta al municipio 11\n• Limite delle mura di livello 12 aumentato di 25 unità\n• Incremento statistiche per domatore di cinghiali, minatore, strega, drago e P.E.K.K.A","• Luchtafweer level 9 toegevoegd aan stadhuislevel 11\n• Limiet voor muur van level 12 verhoogd met 25\n• Statistiekverhogingen voor de varkensruiter, de mijnwerker, de heks, de draak en P.E.K.K.A.","• Luftforsvar på nivå 9 lagt til rådhus 11\n• Grensen for murnivå 12 økt med 25\n• Villsvinrytter, graver, heks, drage og P.E.K.K.A har fått verdiene sine økt","• Defesa aérea de nível 9 adicionada ao Centro da Vila de nível 11.\n• Aumento do limite de muro de nível 12 (+25).\n• Melhorias ao Corredor, Mineiro, Bruxa, Dragão e P.E.K.K.A.","• 11. Seviye Belediye Binasına 9. Seviye Hava Savunması eklendi\n• 12. Seviye Duvar limiti 25 artırıldı\n• Yaban Domuzu Binicisi, Madenci, Cadı, Ejderha ve P.E.K.K.A birliklerinin bazı özellikleri yükseltildi","• タウンホールレベル11にレベル9の対空砲を追加\n• レベル12の壁の最大設置数を25増加\n• ホグライダー、ディガー、ネクロマンサー、ドラゴン、P.E.K.K.Aの能力を強化","• 11级大本营可解锁9级防空火箭\n• 12级城墙上限增加25块\n•增强了野猪骑士、掘地矿工、女巫、飞龙和皮卡超人","• 마을 회관 11에 대공포 레벨 9 추가\n• 레벨 12 장벽 개수 한도가 25개 증가\n• 호그 라이더, 광부, 마녀, 드래곤, P.E.K.K.A 능력치 상승","• Воздушная оборона 9-го уровня добавлена на 11-м уровне ратуши\n• К стене 12-го уровня добавлены 25 участков\n• Повышение статистики: всадник на кабане, шахтер, ведьма, дракон и П.Е.К.К.А.","• تمت إضافة دفاع جوي من المستوى 9 إلى قاعة المدينة 11\n• تمت زيادة حدود الجدار من المستوى 12 بمقدار 25\n• تمت زيادة الإحصائيات الخاصة براكب الخنزير وعامل المنجم والساحرة والتنين وبيكا","• 11級大本營可解鎖9級防空火箭\n• 12級城牆上限增加25塊\n•增強了野豬騎士、掘地礦工、女巫、飛龍和皮卡超人","• دفاع هوایی سطح 9 به تالار شهر 11 اضافه شد\n• محدودیت دیوار سطح 12 تا 25 عدد افزایش یافت\n• آمار مربوط به گراز سوار، معدنچی، ساحره، اژدها و P.E.K.K.A افزایش یافت.","• Pertahanan Udara level 9 ditambahkan ke Balai Kota level  11\n• Batas Tembok level 12 bertambah 25\n• Statistik bertambah untuk Penunggang Babi, Penambang, Nenek Sihir, Naga, dan P.E.K.K.A","• Pertahanan Udara tahap 9 ditambah ke Dewan Bandar 11\n• Had Benteng tahap 12 ditingkatkan sebanyak 25\n• Statistik ditingkatkan bagi Penunggang Khinzir, Pelombong, Ahli Sihir, Naga dan P.E.K.K.A",,
"TID_EVENT_CW_BD_TITLE","3x Clan XP Event","Événement - EXP de clan x3","Dreifache Clan-EP!","Evento de XP del clan x3","Evento XP del clan x3","3x-clan-XP-evenement","Hendelse med 3x klan-XP","Evento: 3x de XP do clã","3 Kat Klan TP’si Etkinliği","クランXP 3倍イベント","部落经验值x3活动","클랜 XP 3배 이벤트","В 3 раза больше опыта клана","حدث نقاط خبرة القبيلة ×3","部落經驗值x3活動","رویداد Clan XP سه برابر","Acara 3x XP Klan","Acara XP Klan 3x",,
"TID_EVENT_CW_BD_INFO","3 Years of Clan Wars!\n\nLevel up your Clan three times as fast!\nClan Wars active during this event earn 3x Clan XP.","3 ans de guerres de clans !\n\nAméliorez votre clan trois fois plus vite !\nPendant cet événement, les guerres de clans rapporteront le triple d’EXP de clan.","3 Jahre Clankriege!\n\nSteigt mit eurem Clan dreimal schneller Level auf!\nBei Clankriegen während des Ereignisses gibt es die 3-fache Menge Clan-EP.","¡Tres años de las guerras de clanes!\n\n¡Aumenta el nivel de tu clan tres veces más rápido!\nLas guerras de clanes activas durante el evento recibirán el triple de XP del clan.","3 anni di guerre tra clan!\n\nFai salire di livello il tuo clan 3 volte più in fretta!\nLe guerre tra clan attive durante l'evento daranno XP del clan tripli.","Al drie jaar clanoorlogen!\n\nZorg dat je clan 3x sneller in level stijgt!\nClanoorlogen die tijdens dit evenement actief zijn, verdienen drie keer zoveel clan-XP.","Tre år med klankriger!\n\nTa klanen din opp i nivå tre ganger så raskt!\nI denne hendelsen får du 3x klan-XP i aktive klankriger.","Três anos de Guerras de Clãs!\n\nFaça o seu clã subir de nível três vezes mais rápido!\nGuerras de Clãs ativas durante o evento receberão o triplo de XP do clã.","Klan Savaşlarının Üçüncü Yılı!\n\nKlanınızın seviyesini üç kat daha hızlı yükseltin!\nBu etkinlik sırasında etkin olan Klan Savaşları 3 kat Klan TP’si veriyor.","クラン対戦3周年！\n\nあなたのクランを3倍のスピードでレベルアップさせましょう！\nこの期間中に実施されたクラン対戦では、獲得できるXPが3倍になります。","部落对战推出三周年啦！\n\n部落升级速度加快为原来的3倍！\n活动期间进行部落对战，对战双方将获得3倍部落经验值！ ","클랜전 3주년!\n\n클랜을 3배 빠르게 레벨 업하세요!\n이벤트 기간 동안 클랜전을 하면 클랜 XP를 3배로 획득합니다.","Три года войнам кланов!\n\nПовышайте уровень клана в три раза быстрее!\nЗа участие в войнах кланов в ходе события дается в три раза больше опыта клана.","3 سنوات من حروب القبائل!\n\nارفع مستوى قبيلتك بسرعة أكبر 3 مرات!\n تتلقى حروب القبائل النشطة أثناء هذا الحدث 3 أضعاف نقاط الخبرة.","部落對戰推出三周年啦！\n\n部落升級速度加快為原來的3倍！\n活動期間進行部落對戰，對戰雙方將獲得3倍部落經驗值！","3 سال همراه با جنگ‌های قبیله‌!\n\nسطح قبیله خود را با سرعت سه برابر، ارتقاء دهید!\nجنگ‌های قبیله‌ای انجام شده در طول این رویداد، سه برابر Clan XP دریافت می‌کنند.","Perang Klan 3 Tahun!\n\nNaikkan level Klanmu tiga kali lebih cepat!\nPerang Klan yang aktif selama acara ini meraih 3x XP Klan.","3 Tahun Perang Klan!\n\nNaik tahap Klan anda tiga kali lebih cepat!\nPerang Klan aktif semasa acara peroleh XP Klan 3x ini.",,
"TID_OFFER_CW_TITLE","Clan Wars Pack","Pack des guerres de clans","Clankriegspaket","Lote de guerras de clanes","Pacchetto guerre tra clan","Clanoorlogenpakket","Klankrig-pakke","Pacote de Guerras de Clãs","Klan Savaşları Paketi","クラン対戦パック","部落对战礼包","클랜전 팩","Набор для войны кланов","مجموعة حروب القبائل","部落對戰特惠包","بسته جنگ‌های قبیله","Paket Perang Klan","Pek Perang Klan",,
"TID_NEWS_CW_BD_GIFTS_TITLE","Clan Gifts!","Cadeaux de clan !","Clangeschenke!","¡Regalos del clan!","Regali del clan!","Clancadeaus!","Klangaver!","Presentes do clã!","Klan Hediyeleri!","クランギフト！","部落礼物！","클랜 선물!","Клановые подарки!","هدايا القبيلة!","部落禮物！","هدایای قبیله‌ای!","Hadiah Klan!","Hadiah Klan!",,
"TID_NEWS_CW_BD_GIFTS_TEXT","Celebrate the Clan Wars Anniversary! Get bonus gems for your Clan every time you purchase <c80d8e8>Gems + Clan Gifts</c>.","Fêtez l’anniversaire des guerres de clans ! Obtenez un bonus de gemmes pour votre clan pour chaque achat de <c80d8e8>gemmes + cadeaux de clan</c>.","Feiere das Clankriegsjubiläum! Sichere deinem Clan jedes Mal Bonusjuwelen, wenn du <c80d8e8>Juwelen und Clangeschenke</c> kaufst.","¡Celebra el aniversario de las guerras de clanes! Consigue gemas extras para tu clan cada vez que compres <c80d8e8>gemas + regalos del clan</c>.","Festeggia l'anniversario delle guerre tra clan! Ottieni gemme bonus per il tuo clan con ogni acquisto di <c80d8e8>gemme + regali del clan</c>.","Vier de clanoorlogenverjaardag! Krijg bonusedelstenen voor je clangenoten iedere keer als je <c80d8e8>edelstenen + clancadeaus</c> koopt.","Feir klankrigenes jubileum! Få bonusjuveler til klanen din hver gang du kjøper <c80d8e8>juveler og klangaver</c>.","Comemore o aniversário das Guerras de Clãs! Ganhe gemas extras para o seu clã toda vez que comprar <c80d8e8>gemas + presentes do clãs</c>.","Klan Savaşları Yıl Dönümünü Kutlayın!<c80d8e8>Taş ve Klan Hediyeleri</c> aldığınızda Klanınız için bonus taş kazanın.","クラン対戦の記念日をお祝いしましょう！ <c80d8e8>エメラルド + クランギフト</c>を購入するたびに、クランのためのボーナスエメラルドをゲットできます。","部落对战周年庆！您每次购买<c80d8e8>宝石 + 部落礼物</c>，部落成员都有机会领取赠送的宝石。","클랜전 기념일을 축하해 주세요! <c80d8e8>보석+클랜 선물</c>을 구매할 때마다 클랜은 보너스 보석을 받습니다.","Отпразднуйте годовщину проведения клановых войн! Получите кристаллы в подарок за каждую покупку<c80d8e8>кристаллов и клановых подарков</c>.","احتفل بالذكرى السنوية لميلاد حدث حروب القبائل! احصل على جواهر إضافية لقبيلتك كلما اشتريت <c80d8e8>جواهر + هدايا القبيلة</c>.","部落對戰周年慶！您每次購買<c80d8e8>寶石 + 部落禮物</c>，部落成員都有機會領取贈送的寶石。","جشن سالگرد جنگ‌های قبیله‌ای! هر بار که <c80d8e8>جواهر + هدایای قبیله‌ای</c> بخرید، پاداش جواهر به قبیله شما تعلق می‌گیرد.","Rayakan Ulang Tahun Perang Klan! Dapatkan bonus permata untuk Klanmu setiap kali kamu membeli <c80d8e8>Permata + Hadiah Klan</c>.","Raikan Ulang Tahun Perang Klan! Dapatkan permata bonus untuk Klan anda setiap kali anda membeli <c80d8e8>Permata + Hadiah Klan</c>.",,
"TID_LOCAL_NOTIFICATION_EVENT_STAR_BONUS","Chief, a 4x Star Bonus event has started!","Chef, un événement bonus étoile x4 a commencé !","Häuptling, ein 4x-Sternebonusereignis hat begonnen!","¡Un evento de bonus estelar x4 ha comenzado!","Capo, è iniziato un evento bonus stella x4!","Chief, er is een 4x-sterbonusevenement gestart!","Høvding, en 4x stjernebonushendelse har startet!","Chefe, começou um evento: 4x bônus de estrela!","Şef, bir 4 Kat Yıldız Bonusu etkinliği başladı!","チーフ、星ボーナス4倍のイベントが始まりました！","首领，4倍胜利之星奖励的活动开始啦！","대장님, 별 보너스 x 4 이벤트가 시작됐습니다!","Вождь, появилась возможность получить 4 звезды в подарок!","أيها الزعيم، بدأ حدث 4 أضعاف مكافآت النجوم!","首領，4倍勝利之星獎勵的活動開始啦！","رئیس! یک رویداد 4 برابر پاداش ستاره آغاز شده است!","Chief, acara 4x Bonus Bintang telah dimulai!","Ketua, acara 4x Bonus Bintang sudah bermula!",,
"TID_NEWS_ICC_TITLE","Inside the Clan Castle","À l'intérieur du château de clan","In der Clanburg","Dentro del castillo del clan","Nel castello del clan","Een kijkje in het clankasteel","Inne i klanslottet","Dentro do Castelo do Clã","Klan Kalesinin İçinde","クランの城では…","部落战动员会","클랜 성 소식","Внутри крепости клана","داخل قلعة القبيلة","部落戰動員會","نگاهی به درون قلعه قبیله","Di dalam Kastel Klan","Dalam Istana Klan",,
"TID_NEWS_ICC_TEXT","Three years of Clan Wars is upon us!\n\nCan the Wizard rally the Elders to go to war? Will Hog Rider's bunions stand in the way of a victory? Go inside the Clan Castle to find out.","Bientôt trois ans de guerres de clans !\n\nLe sorcier saura-t-il convaincre les aînés de déclarer la guerre ? Comment marcher vers la victoire quand on a des cors aux pieds ? Pour le savoir, entrez dans le château de clan.","Wir feiern drei Jahre Clankriege!\n\nKann der Magier die Ältesten dazu bewegen, in den Kampf zu ziehen? Vermasseln die Fußprobleme des Schweinereiters ihm den Sieg? In der Clanburg findest du es heraus!","¡Las guerras de clanes ya tienen tres años!\n\n¿Podrá el mago convencer a los veteranos para ir a luchar? ¿Se interpondrán los juanetes del montapuercos en el camino a la victoria? Descúbrelo en el castillo del clan.","Le guerre tra clan compiono tre anni!\n\nLo stregone convincerà gli anziani ad andare in guerra? Il domatore di cinghiali è pronto per la battaglia? Entra nel castello del clan per scoprirlo.","We voeren al bijna drie jaar clanoorlogen!\n\nKan de tovenaar de oudsten oproepen om ten strijde te trekken? Kan de varkensruiter niet winnen, omdat hij eksterogen heeft? Ga het clankasteel binnen en ontdek het zelf.","Tre år med klankriger er over oss!\n\nKlarer sjamanen virkelig å mane seniorene til krig? Kommer villsvinrytternes liktorner til å forpurre krigsstrategien? Bli med inn i klanslottet og se selv.","São três anos de Guerra de Clãs!\n\nSerá que o Mago conseguirá reunir os anciões para a batalha? Será que o joanete do Corredor atrapalhará a vitória? Para descobrir, entre no Castelo do Clã.","Üç yıllık Klan Savaşları başlıyor!\n\nBüyücü, Büyüklerin savaşa girmesini sağlayabilecek mi? Yaban Domuzu Binicisinin nasırları zafere engel mi olacak? Öğrenmek için Klan Kalesine girin.","3年にわたるクラン対戦が始まろうとしています！\n\nウィザードは、長老たちを戦いに駆り立てることができるでしょうか？ ホグライダーは、外反母趾のせいで勝利を逃してしまうのでしょうか？ さっそくクランの城に行って確かめてみましょう！","部落对战陪伴我们快三年了！\n\n法师能否召集各长老团结一致参加部落对战？野猪骑士会因为大脚骨病临阵脱逃吗？赶紧去部落城堡里面一探究竟吧！","클랜전 3주년이 다가오고 있습니다!\n\n마법사는 장로들을 결집해 전쟁에 나갈 수 있을까요? 호그 라이더의 건막류는 승리의 장애물이 되고 말까요? 클랜 성에서 확인해 보세요!","Три года прошло с тех пор, как идут войны кланов!\n\nМожет ли колдун убедить старейшин отправиться на войну? Станет ли мозоль на ноге всадника на кабане препятствием для победы? Посетите крепость клана и узнайте сами.","حان وقت الاحتفال بمرور 3 سنوات على حروب القبائل!\n\nهل يستطيع الساحر حشد الزعماء لدخول الحرب؟ هل ستعيق تورمات إصبع قدم راكب الخنزير الانتصار؟ ادخل قلعة القبيلة لاكتشاف هذا.","部落對戰陪伴我們快三年了！\n\n法師能否召集各長老團結一致參加部落對戰？野豬騎士會因為腳趾外翻臨陣脫逃嗎？快去部落城堡裡面一探究竟吧！","کم کم به سه سالگی جنگ قبیله نزدیک می‌شویم!\n\nآیا جادوگر می‌تواند پیشکسوت‌ها را به جنگ ترغیب کند؟ آیا قوز شست پای گرازسوار سر راه پیروزی می‌ایستد؟ برای اینکه از همه این اتفاقات سردربیاورید، وارد قلعه قبیله بشوید.","Tiga tahun Perang Klan hampir tiba!\n\nMampukah Penyihir mereli Senior untuk pergi berperang? Akankah bunion si Penunggang Babi menghalangi kemenangan? Masuki Kastel Klan untuk mengetahuinya.","Perang Klan sudah berlangsung selama tiga tahun!\n\nBolehkah Ahli Sihir menyatukan Penatua untuk berperang? Adakah orang Penunggang Khinzir menghalang jalan ke arah kemenangan? Masuk ke dalam Istana Klan untuk mengetahui.",,
"TID_LOCAL_NOTIFICATION_EVENT_CLAN_XP_BD","Chief, celebrate Clan Wars with a special event, offer and more!","Chef, fêtez les guerres de clans avec un événement spécial, une offre et plus !","Häuptling, feiere das Clankrieg-Jubiläum mit einem Sonderereignis, einem Sonderangebot und mehr!","Jefe, ¡celebra las guerras de clanes con un evento especial, una oferta y mucho más!","Capo, celebra le guerre tra clan con un evento speciale, un'offerta e altro ancora!","Chief, vier clanoorlogen met een speciaal evenement, een aanbieding en meer!","Høvding, bli med å feire klankriger med en spesialhendelse, tilbud og mye mer!","Chefe, celebre as Guerras de Clãs com um evento, oferta especial, e mais!","Şef, Klan Savaşlarını özel bir etkinlik, teklif ve daha fazlasıyla kutluyoruz!","チーフ、クラン対戦を祝ってスペシャルイベントやセールなどを楽しみましょう！","首领，为庆祝部落对战三周年，游戏中推出了特别活动和优惠，还有更多精彩内容！","대장님, 특별 이벤트, 특가 상품 등으로 클랜전을 기념하세요!","Чтобы отпраздновать годовщину войн кланов, мы подготовили для вас особое событие, особое предложение и многое другое!","أيها الزعيم، احتفل بحروب القبائل واحصل على حدث خاص وعرض خاص، وأكثر!","首領，為慶祝部落對戰三周年，遊戲中推出了特別活動和優惠，還有更多精彩內容！","رئیس! جنگ‌های قبیله‌ای را با رویدادهای ویژه، پیشنهادات و غیره جشن بگیرید!","Chief, rayakan Perang Klan dengan acara dan penawaran spesial, serta masih banyak lagi!","Ketua, raikan Perang Klan dengan acara istimewa, tawaran dan banyak lagi!",,
"TID_LOCAL_NOTIFICATION_EVENT_TROOP_SPELL","Chief, a Troop & Spell combo event has started!","Chef, un événement de troupe et de sort a commencé !","Häuptling, ein Komboereignis mit einer Truppe und einem Zauber hat begonnen!","Jefe, ¡ha comenzado un evento combinado de tropa y hechizo!","Capo, è iniziato un evento combinato truppa & incantesimo!","Chief, een combo-evenement voor troepen en spreuken is gestart!","Høvding, en troppe- og formelkombohendelse har startet!","Chefe, começou um evento combo: tropa & feitiço!","Şef, bir Birlik ve Büyü kombo etkinliği başladı!","チーフ、ユニットと呪文のコンボイベントが始まりました！","首领，部队和法术活动开始啦！","대장님, 유닛 & 마법 콤보 이벤트가 시작됐습니다!","Вождь, совместное событие воинов и заклинаний началось!","أيها الزعيم، بدأ حدث يجمع بين القوات والتعويذات!","首領，部隊和法術活動開始啦！","رئیس! رویداد ترکیبی نیرو و طلسم شروع شده‌است!","Chief, acara kombo Peleton & Mantra telah dimulai!","Ketua, acara kombo Sihir & Askar sudah bermula!",,
"TID_EVENT_TROOP_SPELL","Raging Wizards Event","Événement des sorciers enragés","Wütende-Magier-Ereignis","Evento de magos furiosos","Evento stregoni furiosi","Woedende-tovenarenevenement","Rasende sjamaner-hendelse","Evento Magos Furiosos","Öfkeli Büyücüler Etkinliği","レイジウィザードイベント","法师和狂暴法术活动","분노 마법사 이벤트","Событие разъяренного колдуна","حدث السحرة الغاضبين","法師和狂暴法術活動","رویداد جادوگرهای خشمگین","Acara Penyihir Marah","Acara Ahli Sihir Berang",,
"TID_EVENT_TROOP_SPELL_INFO","Rage Spells are the Wizard’s personal favorite. Produce both at a 90% discount!","Le sorcier adore les sorts de rage. Son coût d'entraînement sera donc réduit de 90 % en même temps que celui de ces sorts !","Wutzauber sind die Lieblingszauber der Magier. Hol dir beide 90 % günstiger!","No hay nada que le guste más a un mago que un hechizo de furia. ¡Produce ambos con un 90 % de descuento!","Gli imperturbabili stregoni amano l'incantesimo Furia, ed entrambi hanno uno sconto del 90%!","De tovenaar is dol op woedespreuken. Produceer beide met 90% korting.","Raseriformler er sjamanens personlige favoritt. Nå kan du produsere begge til 90 % lavere pris!","Feitiços de Fúria são os favoritos do Mago. Produza ambos com 90% de desconto!","Öfke Büyüleri, Büyücülerin favorisidir. Hem Büyücüleri hem de Öfke Büyülerini %90 indirimli üretin!","レイジの呪文はウィザードのお気に入りです。90％オフで生成できます！","狂暴法术是法师的最爱。活动期间，训练法师、配制狂暴法术的费用直降90%！","마법사가 가장 좋아하는 마법은 분노 마법입니다. 90% 할인된 비용으로 분노 마법을 만들고 마법사를 훈련시키세요!","Любимые заклинания колдуна — заклинания ярости. Получите их со скидкой 90 %.","تعويذات الغضب هي الخيار الشخصي المفضل لدى الساحر. احصل على الاثنين بخصم 90%.","狂暴法術是法師的最愛。活動期間訓練法師、配製狂暴法術的費用直降90%！","جادوگرها علاقه خاصی به طلسم‌های خشم دارند. هر دو را با 90% تخفیف بسازید!","Mantra Amarah adalah favorit pribadi Penyihir. Buatlah keduanya dengan diskon 90%!","Sihir Berang ialah kegemaran peribadi Ahli Sihir. Hasilkan kedua-duanya pada diskaun 90%!",,
"TID_NEWS_MERCH_TITLE","The Supercell Shop BETA is Live!",,,,,,,,,,,,,,,,,,,
"TID_NEWS_MERCH_TEXT","Bring the battle home with apparel, figures, and other cool collectibles.",,,,,,,,,,,,,,,,,,,
"TID_NEWS_MERCH_BUTTON","Check it out!",,,,,,,,,,,,,,,,,,,
"TID_VILLAGE_OBJECT_SHIP","Boat (Broken)","Bateau (cassé)","Schiff (kaputt)","Barco naufragado","Barca (relitto)","Boot (kapot)","Båt (ødelagt)","Barco (quebrado)","Gemi (Enkaz)","壊れた船","帆船（损坏）","배 (부서짐)","Корабль (разбитый)","قارب (مكسور)","帆船（損壞）","قایق (شکسته)","Perahu (Rusak)","Bot (Rosak)",,
"TID_REPAIR_SHIP_TITLE","Mysterious Boat","Bateau mystérieux","Mysteriöses Schiff","Barco misterioso","Barca misteriosa","Mysterieuze boot","Mystisk båt","Barco misterioso","Gizemli Gemi","謎の船","谜之帆船","미스터리한 배","Таинственный корабль","قارب غامض","神秘的帆船","قایق اسرارآمیز","Perahu Misterius","Bot Penuh Misteri",,
"TID_REPAIR_SHIP_2","Where did this Boat come from? ","D'où vient ce bateau ? ","Wo kommt dieses Schiff her? ","¿De dónde ha salido este barco? ","Da dove arriva questa barca? ","Waar komt deze boot vandaan? ","Hvor kom denne båten fra? ","De onde saiu esse barco? ","Bu gemi de nereden çıktı? ","この船はどこから来たのでしょう？","这艘船从哪来？","이 배는 어디서 나타났을까요? ","Откуда взялся этот корабль? ","من أين أتى هذا القارب؟ ","這艘船從哪裡來？","این قایق از کجا پیدایش شده؟ ","Perahu ini datang dari mana? ","Dari mana datangnya bot ini? ",,
"TID_SHIP_BUTTON","Find out!","À vous de le découvrir !","Finde es heraus!","¡Descúbrelo!","Scoprilo!","Ontdek het nu!","Se selv!","Descubra!","Haydi bulalım!","調査する","一探究竟！","알아보세요!","Разузнать","اكتشف هذا!","一探究竟！","کشف کنید!","Cari tahu!","Ketahuinya!",,
